,PLAYER,TEAM,AGE,GP,W,L,MIN,PTS,FGM,FGA,FG%,3PM,3PA,3P%,FTM,FTA,FT%,OREB,DREB,REB,AST,TOV,STL,BLK,PF,FP,DD2,TD3,+/-,salary
0,Jonas Valanciunas,NOP ,29,26,7,19,31.1,18.5,7.0,13.8,51.1,1.2,2.5,46.2,3.3,4.0,82.7,3.3,8.7,12.0,2.4,2.0,0.6,0.9,3.2,39.0,19,0,-4.1,14000000.0
1,Nickeil Alexander-Walker,NOP ,23,26,7,19,28.8,13.5,5.0,13.8,36.2,2.0,6.8,30.1,1.5,1.9,78.0,1.0,2.9,4.0,2.7,1.5,0.9,0.4,1.7,24.9,2,0,-4.0,3261480.0
2,Domantas Sabonis,IND ,25,25,9,16,34.0,17.4,6.7,11.8,56.4,0.8,2.7,28.4,3.2,4.4,74.3,3.2,8.9,12.1,4.0,3.2,1.1,0.3,3.4,38.9,18,1,2.3,19800000.0
3,Gordon Hayward,CHA ,31,25,14,11,33.8,17.3,6.0,13.2,45.6,1.8,4.4,39.6,3.4,4.0,85.1,0.8,4.0,4.9,3.4,1.9,0.8,0.6,1.8,30.7,1,0,-0.9,29925000.0
4,Kelly Oubre Jr.,CHA ,25,25,14,11,27.8,15.8,5.9,12.8,46.1,2.8,7.2,38.9,1.2,2.0,63.3,1.2,2.7,3.9,1.0,0.9,0.9,0.3,2.6,24.5,0,0,-0.5,12000000.0
5,Miles Bridges,CHA ,23,25,14,11,36.3,20.4,7.5,16.1,46.7,2.2,6.7,33.5,3.1,4.0,77.0,1.3,6.0,7.3,3.2,1.8,1.3,1.0,2.7,38.8,3,0,2.2,5421493.0
6,Torrey Craig,IND ,30,25,9,16,15.7,5.4,2.1,4.2,49.1,0.6,2.0,27.5,0.7,0.9,77.3,1.2,2.1,3.3,0.9,0.6,0.4,0.3,1.6,12.2,1,0,-1.8,4878049.0
7,Trey Murphy III,NOP ,21,25,6,19,14.9,4.8,1.6,4.3,37.0,1.2,3.2,39.2,0.4,0.4,90.0,0.7,1.7,2.4,0.6,0.4,0.3,0.2,1.3,9.6,0,0,-1.8,3053760.0
8,Buddy Hield,SAC ,28,24,10,14,28.7,15.9,5.3,13.6,38.8,3.6,10.0,36.4,1.7,2.0,83.7,0.8,3.5,4.3,2.3,1.6,0.7,0.3,2.1,25.5,0,0,-1.9,22768890.0
9,CJ McCollum,POR ,30,24,11,13,35.3,20.6,8.0,18.8,42.4,3.2,8.2,39.3,1.5,2.1,70.0,1.1,3.0,4.1,4.5,1.9,1.1,0.7,2.1,35.7,0,0,-2.5,30864198.0
10,Carmelo Anthony,LAL ,37,24,12,12,28.5,14.3,4.8,11.0,44.1,2.6,6.1,42.9,2.0,2.4,82.8,0.6,3.1,3.8,0.9,0.8,0.8,0.6,2.3,23.4,0,0,0.8,1669178.0
11,Clint Capela,ATL ,27,24,12,12,29.9,11.5,5.2,9.0,57.4,0.0,0.0,0.0,1.2,2.4,49.1,4.0,8.5,12.5,1.2,0.6,0.9,1.3,2.5,34.4,15,0,1.9,18603448.0
12,Dalano Banton,TOR ,22,24,11,13,13.1,4.5,1.8,3.7,47.7,0.3,0.8,33.3,0.8,1.0,75.0,0.7,1.8,2.4,1.7,1.1,0.4,0.2,1.5,10.7,0,0,0.4,925258.0
13,Davion Mitchell,SAC ,23,24,10,14,25.6,9.1,3.6,9.7,37.3,1.1,4.0,28.1,0.7,1.1,65.4,0.7,2.0,2.6,3.4,1.1,0.8,0.2,2.4,19.2,0,0,-2.6,4603320.0
14,De'Aaron Fox,SAC ,23,24,10,14,34.8,20.1,7.5,17.5,42.9,1.1,4.3,26.2,4.0,5.5,73.3,0.5,3.2,3.7,5.5,3.0,1.3,0.5,2.8,35.4,1,0,-3.8,28103550.0
15,DeMar DeRozan,CHI ,32,24,16,8,35.3,26.4,9.5,19.0,49.8,0.8,2.5,33.3,6.6,7.5,88.8,0.6,4.7,5.3,4.1,2.0,0.9,0.4,2.3,40.7,1,0,6.1,26000000.0
16,Deni Avdija,WAS ,20,24,14,10,21.5,6.3,2.3,5.3,43.0,0.8,2.6,30.6,0.9,1.3,65.6,0.8,4.1,4.9,1.2,0.5,0.5,0.8,2.1,17.2,1,0,2.4,4692840.0
17,Dewayne Dedmon,MIA ,32,24,14,10,15.5,5.7,2.1,3.8,55.4,0.3,0.5,63.6,1.2,1.5,77.8,1.8,3.8,5.6,0.7,0.9,0.4,0.4,2.0,15.0,1,0,3.3,1669178.0
18,Duncan Robinson,MIA ,27,24,14,10,28.4,11.0,3.8,10.4,36.4,2.9,8.8,33.0,0.5,0.6,73.3,0.3,3.2,3.5,1.5,0.8,0.8,0.3,3.0,19.7,0,0,0.4,15650000.0
19,Eric Bledsoe,LAC ,31,24,12,12,27.1,9.3,3.4,8.3,41.0,0.8,2.9,27.1,1.7,2.0,83.7,0.7,3.4,4.1,3.5,2.0,1.3,0.5,1.7,22.8,1,0,-3.8,18125000.0
20,Franz Wagner,ORL ,20,24,5,19,31.6,13.6,5.2,12.0,43.6,1.4,3.9,36.6,1.8,2.2,79.2,1.3,3.0,4.3,2.6,1.2,1.1,0.5,2.5,26.4,0,0,-3.8,5007840.0
21,Garrett Temple,NOP ,35,24,7,17,19.1,5.6,1.9,4.8,38.8,1.0,2.9,36.2,0.8,1.0,79.2,0.7,2.1,2.8,1.1,0.8,1.0,0.6,1.8,14.4,0,0,-7.6,4910000.0
22,Grant Williams,BOS ,23,24,13,11,22.0,7.5,2.6,5.0,51.2,1.5,3.4,43.2,0.8,0.9,90.9,0.6,2.7,3.3,1.2,0.5,0.3,0.6,1.9,15.4,0,0,0.0,2617800.0
23,Ivica Zubac,LAC ,24,24,12,12,24.5,10.3,3.8,5.7,66.9,0.0,0.0,0.0,2.7,3.4,78.0,2.5,5.7,8.2,1.2,1.1,0.5,0.9,2.0,24.7,7,0,-1.2,7518518.0
24,Jayson Tatum,BOS ,23,24,13,11,36.5,25.2,8.8,21.7,40.6,2.7,8.4,32.2,4.9,5.9,83.0,1.1,7.7,8.8,3.7,2.5,0.9,0.8,2.5,43.7,9,0,3.5,28103500.0
25,John Collins,ATL ,24,24,12,12,32.4,17.1,6.6,11.6,57.2,1.2,2.9,40.6,2.7,3.5,78.3,1.7,6.2,7.9,2.2,1.2,0.8,1.4,2.8,35.1,6,0,4.3,23000000.0
26,Jusuf Nurkic,POR ,27,24,11,13,24.5,12.7,4.8,8.3,58.6,0.2,0.8,22.2,2.8,3.7,76.4,2.6,7.8,10.4,2.3,1.8,1.2,0.5,2.8,31.8,9,0,1.3,12000000.0
27,Kentavious Caldwell-Pope,WAS ,28,24,14,10,28.9,11.5,4.0,9.1,44.0,2.1,5.3,39.7,1.4,1.6,89.5,0.6,3.0,3.6,1.6,1.2,1.3,0.3,1.9,22.0,0,0,-2.3,13038862.0
28,Kyle Kuzma,WAS ,26,24,14,10,32.3,12.8,4.8,11.3,42.1,2.0,5.8,34.8,1.3,2.0,65.3,0.9,7.7,8.6,2.9,2.0,0.6,0.7,2.2,29.3,8,0,-3.5,13000000.0
29,LaMelo Ball,CHA ,20,24,13,11,33.3,20.0,7.3,17.3,41.8,2.9,7.5,39.1,2.6,2.9,90.0,1.5,6.2,7.7,8.3,3.3,1.9,0.4,3.1,45.4,10,2,2.0,8231760.0
30,Larry Nance Jr.,POR ,28,24,11,13,19.8,6.3,2.6,4.8,54.4,0.5,1.5,32.4,0.7,1.1,59.3,1.5,3.5,4.9,1.4,0.8,0.9,0.4,1.5,17.3,0,0,0.8,10690909.0
31,Lonzo Ball,CHI ,24,24,16,8,35.0,12.1,4.5,10.9,41.0,3.0,7.0,42.3,0.3,0.3,75.0,0.8,4.5,5.3,5.0,2.3,1.8,0.9,2.5,31.6,2,1,3.8,18604651.0
32,Luke Kennard,LAC ,25,24,12,12,27.6,10.5,3.7,8.6,43.0,2.5,5.9,42.6,0.5,0.6,92.9,0.2,3.1,3.3,1.9,0.8,0.8,0.1,1.4,19.2,0,0,3.8,13347727.0
33,Malik Monk,LAL ,23,24,12,12,24.4,10.3,3.9,8.4,46.0,1.8,4.9,36.8,0.8,1.0,82.6,0.4,2.3,2.7,2.2,1.3,0.7,0.3,1.5,18.4,0,0,2.7,1669178.0
34,Montrezl Harrell,WAS ,27,24,14,10,26.6,15.8,6.0,9.2,65.0,0.1,0.3,25.0,3.8,5.0,75.2,2.6,5.8,8.4,2.3,1.3,0.5,0.7,2.0,31.6,6,0,3.3,9720900.0
35,Myles Turner,IND ,25,24,9,15,29.0,12.9,4.6,8.8,52.9,1.9,4.6,40.5,1.8,2.5,70.0,1.6,5.9,7.5,1.0,1.3,0.6,2.8,2.5,32.2,6,0,2.7,18000000.0
36,P.J. Tucker,MIA ,36,24,14,10,27.5,6.6,2.6,5.2,50.0,1.0,2.4,43.1,0.4,0.5,81.8,1.7,3.8,5.5,1.6,0.7,0.6,0.3,2.4,17.6,2,0,0.3,7000000.0
37,Pat Connaughton,MIL ,28,24,15,9,28.8,12.3,4.5,9.0,49.3,2.8,6.5,42.0,0.7,0.9,72.7,0.9,4.0,4.9,1.5,0.9,1.0,0.3,1.5,23.4,0,0,0.3,5333334.0
38,R.J. Hampton,ORL ,20,24,5,19,18.5,7.3,2.6,6.4,40.5,1.0,2.6,39.7,1.1,2.0,56.3,0.3,2.8,3.1,2.4,1.5,0.5,0.2,1.4,15.1,0,0,-6.5,2303040.0
39,Reggie Jackson,LAC ,31,24,12,12,33.3,17.3,6.5,16.5,39.6,2.8,8.3,33.5,1.4,1.8,79.1,0.6,2.8,3.5,3.9,2.0,0.7,0.1,1.9,27.6,1,0,2.0,10384500.0
40,Ricky Rubio,CLE ,31,24,13,11,29.2,13.6,4.5,12.5,36.3,1.9,5.5,35.1,2.6,3.1,83.8,0.4,3.6,4.0,6.1,2.8,1.2,0.2,2.2,28.9,3,0,4.3,17800000.0
41,Robert Covington,POR ,30,24,11,13,26.4,6.8,2.5,6.1,40.8,1.7,4.6,36.4,0.1,0.1,100.0,0.5,3.9,4.4,1.2,1.1,1.0,1.0,2.1,18.5,0,0,-1.0,12975471.0
42,Russell Westbrook,LAL ,33,24,12,12,36.2,20.3,7.5,16.9,44.6,1.4,4.3,32.0,3.8,5.5,68.4,1.3,6.6,8.0,8.6,4.6,1.3,0.2,3.2,42.5,11,5,-2.1,44211146.0
43,Svi Mykhailiuk,TOR ,24,24,11,13,18.7,7.1,2.6,6.0,43.4,1.1,3.4,33.3,0.8,0.9,90.9,0.7,2.0,2.6,1.1,0.7,0.8,0.1,1.3,13.9,0,0,-1.4,1729217.0
44,T.J. McConnell,IND ,29,24,9,15,24.2,8.4,3.8,7.5,50.3,0.3,1.0,28.0,0.5,0.6,80.0,0.8,2.5,3.3,4.8,1.2,1.0,0.4,1.8,22.6,1,0,-2.4,7500000.0
45,Trae Young,ATL ,23,24,12,12,34.1,26.2,9.2,20.1,45.9,2.7,7.0,38.9,5.0,5.7,89.0,0.7,3.2,3.8,9.4,3.9,0.9,0.1,1.8,43.9,12,0,2.8,8326471.0
46,Wendell Carter Jr.,ORL ,22,24,5,19,28.8,13.1,5.2,10.0,51.7,1.4,3.9,35.1,1.4,2.0,69.4,2.2,7.6,9.8,2.2,1.3,0.7,0.7,2.6,30.8,11,0,-3.0,6920027.0
47,Zach LaVine,CHI ,26,24,16,8,34.8,25.6,9.3,19.2,48.6,2.8,7.5,38.0,4.1,4.8,86.8,0.4,5.0,5.4,3.9,2.5,0.5,0.4,1.5,38.0,0,0,1.6,19500000.0
48,Aaron Holiday,WAS ,25,23,13,10,17.3,5.6,2.3,5.2,43.3,0.6,1.6,36.1,0.5,0.7,80.0,0.2,1.4,1.6,1.9,1.1,0.5,0.3,1.5,11.7,0,0,-1.0,3980551.0
49,Alec Burks,NYK ,30,23,11,12,24.2,11.3,3.5,8.3,41.7,2.1,4.7,44.0,2.3,2.8,81.5,0.4,3.5,3.9,1.9,0.7,1.2,0.3,2.0,22.7,0,0,1.2,9536000.0
50,Alex Caruso,CHI ,27,23,16,7,28.6,8.5,2.8,6.4,44.2,1.0,3.0,33.3,1.8,2.1,85.7,1.0,2.8,3.7,4.1,1.5,2.2,0.4,2.7,25.4,1,0,5.0,8650651.0
51,Andrew Wiggins,GSW ,26,23,19,4,30.4,18.3,6.8,14.0,48.6,1.9,5.0,38.3,2.7,3.7,72.9,1.2,3.3,4.5,1.6,1.7,0.8,0.6,1.6,28.4,0,0,6.5,31579390.0
52,Anthony Davis,LAL ,28,23,11,12,35.7,24.4,9.7,18.5,52.3,0.4,2.1,18.8,4.6,6.4,72.1,3.0,7.0,10.0,3.1,2.0,1.3,2.2,2.3,49.6,11,0,-3.3,35361360.0
53,Anthony Edwards,MIN ,20,23,11,12,36.4,22.0,8.1,19.0,42.8,3.0,8.7,34.2,2.8,3.6,78.0,1.4,4.9,6.3,3.6,3.4,1.6,0.7,2.3,38.3,3,0,2.8,10245480.0
54,Ayo Dosunmu,CHI ,21,23,15,8,16.1,5.8,2.4,4.9,48.7,0.7,1.7,41.0,0.3,0.7,53.3,0.5,1.5,2.0,0.8,0.7,0.4,0.2,1.4,10.5,0,0,-1.0,925258.0
55,Bojan Bogdanovic,UTA ,32,23,16,7,30.2,16.8,5.6,12.2,46.1,2.5,6.2,40.8,3.1,3.3,92.2,0.8,3.2,4.0,1.9,1.5,0.5,0.0,1.4,24.5,0,0,6.7,18700000.0
56,Cameron Johnson,PHX ,25,23,19,4,23.1,9.3,3.3,7.7,42.4,2.0,4.8,40.5,0.9,1.2,71.4,0.3,3.0,3.3,1.3,0.7,0.7,0.3,1.3,17.5,0,0,2.2,4437000.0
57,Chris Duarte,IND ,24,23,9,14,29.8,13.1,5.2,12.5,41.7,1.9,5.5,34.9,0.8,1.2,66.7,0.4,3.6,4.0,2.0,1.8,1.0,0.1,1.9,22.5,0,0,1.4,3749400.0
58,Chris Paul,PHX ,36,23,19,4,32.3,14.3,5.0,10.5,47.9,1.0,3.0,33.8,3.2,3.8,84.1,0.3,3.7,4.0,10.1,2.4,2.0,0.3,2.0,38.8,11,0,4.4,30000000.0
59,Christian Wood,HOU ,26,23,7,16,31.7,16.5,6.2,13.4,46.4,1.7,4.6,36.8,2.3,4.1,57.4,1.9,9.3,11.2,2.3,1.8,0.5,1.1,2.3,36.3,12,0,-5.6,13666667.0
60,Cody Martin,CHA ,26,23,14,9,24.9,8.2,3.0,6.1,48.2,1.0,2.1,47.9,1.3,1.7,74.4,1.3,3.0,4.2,2.3,0.4,1.3,0.5,1.7,21.9,0,0,1.4,1782621.0
61,Cody Zeller,POR ,29,23,11,12,13.1,5.1,1.8,3.0,59.4,0.0,0.2,0.0,1.6,2.0,76.6,1.7,2.7,4.3,0.8,0.7,0.3,0.2,2.1,12.4,0,0,-1.5,1669178.0
62,Dennis Schroder,BOS ,28,23,12,11,33.3,17.9,6.5,14.5,44.6,1.7,4.7,35.8,3.2,3.6,90.2,0.7,3.0,3.7,4.9,2.7,1.0,0.0,2.3,30.0,0,0,2.1,5890000.0
63,Desmond Bane,MEM ,23,23,13,10,28.7,15.9,6.1,12.9,47.5,2.6,6.4,40.1,1.1,1.2,89.3,0.6,3.7,4.3,2.0,1.6,0.8,0.4,2.4,26.1,0,0,1.3,2033160.0
64,Devonte' Graham,NOP ,26,23,6,17,30.9,13.7,4.7,12.4,37.5,2.7,7.9,34.6,1.7,2.1,79.2,0.6,1.8,2.4,4.4,1.8,1.2,0.2,1.5,25.6,0,0,-1.3,11000000.0
65,Evan Fournier,NYK ,29,23,11,12,28.9,13.3,4.8,11.6,41.6,2.7,6.7,39.4,1.0,1.3,76.7,0.5,2.3,2.8,1.7,1.3,1.0,0.2,1.7,21.5,0,0,-3.2,17000000.0
66,Fred VanVleet,TOR ,27,23,11,12,38.1,19.8,7.1,16.0,44.2,3.1,8.0,39.1,2.5,2.9,86.6,0.7,4.2,5.0,6.1,3.2,1.5,0.6,2.7,38.0,2,0,2.4,19675926.0
67,Georges Niang,PHI ,28,23,12,11,24.9,11.3,4.0,9.3,43.5,2.1,5.6,38.0,1.1,1.2,92.9,0.3,2.5,2.7,1.7,0.8,0.7,0.3,2.7,19.3,0,0,2.3,3300000.0
68,Grayson Allen,MIL ,26,23,14,9,29.0,13.8,4.7,10.3,45.6,3.1,7.3,42.6,1.3,1.4,87.9,0.6,3.3,3.8,1.4,0.7,0.7,0.3,1.7,22.5,0,0,5.4,4054695.0
69,Herbert Jones,NOP ,23,23,7,16,26.4,6.4,2.7,5.8,45.5,0.3,0.9,33.3,0.8,1.0,79.2,1.3,1.9,3.2,1.7,1.1,1.5,0.8,3.1,18.4,0,0,0.0,1700000.0
70,Immanuel Quickley,NYK ,22,23,11,12,20.8,9.4,3.1,8.0,38.8,1.7,4.8,35.5,1.5,1.7,92.1,0.5,1.7,2.2,2.4,1.0,0.6,0.0,1.9,16.4,0,0,3.9,2210640.0
71,Isaiah Hartenstein,LAC ,23,23,12,11,15.7,7.4,3.1,4.8,64.9,0.1,0.1,66.7,1.0,1.8,58.5,1.9,3.0,4.9,1.5,1.0,0.8,1.1,2.3,20.4,1,0,2.0,1669178.0
72,JaVale McGee,PHX ,33,23,19,4,15.6,9.9,4.3,6.5,66.4,0.0,0.0,0.0,1.3,2.0,65.2,2.3,4.7,7.0,0.6,1.7,0.3,0.9,2.5,21.0,3,0,3.5,5000000.0
73,Jae Crowder,PHX ,31,23,19,4,27.8,8.8,3.0,7.8,37.8,1.8,5.3,33.3,1.1,1.4,78.8,0.4,4.3,4.7,1.4,0.8,1.3,0.4,2.2,21.0,0,0,5.3,9720900.0
74,Jae'Sean Tate,HOU ,26,23,7,16,28.2,12.4,4.9,9.8,50.2,0.7,2.7,27.4,1.9,2.4,78.2,2.1,4.5,6.6,2.7,2.0,0.8,0.7,3.3,26.9,4,0,-4.6,1517981.0
75,James Harden,BKN ,32,23,16,7,35.7,20.6,5.9,14.6,40.3,2.5,7.3,34.7,6.3,7.2,88.5,1.0,6.9,7.9,9.5,4.8,1.5,0.7,2.4,46.0,14,4,2.6,44310840.0
76,Jaren Jackson Jr.,MEM ,22,23,13,10,26.7,15.8,5.4,12.7,42.6,2.3,6.1,37.1,2.8,3.3,84.2,1.1,4.4,5.6,1.0,1.4,0.8,2.0,3.4,31.0,0,0,4.0,9180560.0
77,Javonte Green,CHI ,28,23,15,8,20.6,5.4,2.1,4.2,49.5,0.4,1.1,38.5,0.8,1.0,75.0,1.5,2.7,4.3,0.7,0.7,0.8,0.3,2.0,14.4,0,0,1.5,1669178.0
78,Jevon Carter,BKN ,26,23,16,7,12.8,2.7,0.9,3.2,28.4,0.8,2.5,31.0,0.1,0.2,75.0,0.2,1.3,1.5,1.1,0.3,0.3,0.3,1.3,7.9,0,0,-0.1,3650000.0
79,Joe Ingles,UTA ,34,23,16,7,24.6,7.9,2.8,6.1,45.4,2.0,4.9,40.7,0.3,0.4,88.9,0.5,2.5,3.0,3.1,1.1,0.5,0.1,1.7,17.1,0,0,4.7,13036364.0
80,Jordan Clarkson,UTA ,29,23,16,7,24.8,14.8,5.3,14.2,37.0,2.6,8.9,29.4,1.7,2.0,82.6,0.7,2.4,3.1,2.0,1.3,0.7,0.2,1.7,22.9,0,0,6.3,12420000.0
81,Jordan Poole,GSW ,22,23,19,4,30.2,18.2,6.6,14.3,46.0,2.8,8.0,35.3,2.2,2.4,91.1,0.3,2.7,3.0,3.4,2.6,1.0,0.2,3.0,28.1,0,0,5.3,2161440.0
82,Julius Randle,NYK ,27,23,11,12,35.4,20.1,7.3,16.9,43.4,1.7,5.3,32.2,3.7,5.0,74.6,1.9,8.1,10.0,5.3,3.3,0.7,0.7,2.8,40.8,12,0,-3.4,21780000.0
83,Justin Holiday,IND ,32,23,9,14,28.1,9.9,3.6,9.0,39.8,2.4,6.7,35.7,0.3,0.5,72.7,0.3,2.6,2.8,1.7,0.9,0.5,0.3,2.1,17.3,0,0,1.3,6006420.0
84,Kevin Huerter,ATL ,23,23,11,12,26.5,10.7,4.3,8.7,48.8,1.7,4.4,39.6,0.5,0.6,84.6,0.3,3.0,3.3,2.3,1.2,0.3,0.2,1.8,18.7,0,0,3.2,4253357.0
85,Kevon Looney,GSW ,25,23,19,4,18.0,5.1,2.1,4.2,51.0,0.0,0.0,0.0,0.9,1.6,54.1,2.4,4.0,6.4,1.1,0.7,0.5,0.7,2.4,17.5,1,0,1.9,5178572.0
86,Kira Lewis Jr.,NOP ,20,23,6,17,14.4,5.9,2.5,6.2,40.1,0.6,2.5,22.8,0.4,0.5,81.8,0.3,1.3,1.7,2.0,1.1,0.4,0.0,0.7,11.2,0,0,-4.6,3822240.0
87,Malik Beasley,MIN ,25,23,11,12,25.6,10.6,3.7,10.6,34.6,2.6,7.9,32.6,0.7,1.0,72.7,0.3,2.7,3.0,1.4,0.7,0.7,0.2,1.2,18.1,0,0,-3.7,14491964.0
88,Marcus Smart,BOS ,27,23,13,10,34.4,11.3,4.0,9.9,39.9,1.5,4.9,30.4,2.0,2.5,77.6,0.5,3.3,3.8,5.5,1.9,2.1,0.3,2.3,29.4,0,0,4.1,14339285.0
89,Mikal Bridges,PHX ,25,23,19,4,34.6,12.4,5.0,9.3,54.0,1.3,3.2,40.5,1.0,1.2,85.2,0.7,3.1,3.8,1.8,0.8,1.5,0.6,2.2,25.2,0,0,7.5,5557725.0
90,Mo Bamba,ORL ,23,23,5,18,29.8,10.9,4.3,9.4,46.1,1.4,4.1,33.7,0.8,1.1,72.0,2.3,6.8,9.1,1.8,1.4,0.9,2.2,2.8,32.4,9,0,-6.3,7568743.0
91,Nemanja Bjelica,GSW ,33,23,19,4,14.3,6.3,2.3,5.0,45.7,0.9,2.3,37.0,0.9,1.1,76.9,0.9,3.0,3.9,1.5,1.1,0.7,0.3,1.3,15.4,1,0,5.5,1669178.0
92,Obi Toppin,NYK ,23,23,11,12,15.5,8.1,3.1,6.0,52.6,0.3,1.6,18.9,1.5,2.0,76.1,1.1,2.6,3.7,1.0,1.0,0.4,0.7,1.6,16.2,0,0,4.0,5105160.0
93,Patty Mills,BKN ,33,23,16,7,28.4,12.7,4.5,9.7,46.4,3.1,6.6,47.4,0.6,0.6,92.9,0.3,1.4,1.7,2.4,0.9,0.6,0.2,1.3,19.9,0,0,7.0,5890000.0
94,Paul George,LAC ,31,23,12,11,35.8,25.1,9.2,21.9,41.9,2.8,8.6,32.3,4.0,4.5,89.3,0.4,6.8,7.3,5.5,4.3,1.8,0.4,2.6,44.3,6,0,0.8,39344900.0
95,Raul Neto,WAS ,29,23,13,10,19.5,7.6,3.0,6.5,47.0,0.5,1.7,28.2,1.0,1.5,68.6,0.2,1.8,2.0,2.4,1.2,0.7,0.0,1.7,14.7,0,0,0.3,1669178.0
96,Rudy Gobert,UTA ,29,23,16,7,31.9,14.9,5.3,7.3,73.1,0.0,0.0,0.0,4.3,6.3,67.6,3.0,11.7,14.7,1.0,2.0,1.0,2.3,2.6,41.6,17,0,7.3,35344828.0
97,Steven Adams,MEM ,28,23,13,10,24.4,6.7,2.5,4.9,50.9,0.0,0.0,0.0,1.8,2.7,67.2,3.7,4.6,8.2,2.7,1.5,0.8,0.7,1.7,23.9,2,0,1.1,17073171.0
98,Terance Mann,LAC ,25,23,11,12,27.6,9.6,3.5,7.8,45.3,1.0,2.9,34.3,1.6,2.0,78.3,1.5,3.6,5.0,2.4,1.1,0.7,0.1,2.3,20.3,2,0,1.5,1782621.0
99,Terrence Ross,ORL ,30,23,5,18,24.7,10.0,3.5,9.0,38.8,1.3,4.5,29.1,1.7,2.2,80.0,0.2,1.8,2.0,2.0,1.5,0.5,0.2,1.2,16.1,0,0,-10.5,12500000.0
100,Tyrese Maxey,PHI ,21,23,12,11,35.4,17.2,6.4,13.8,46.5,1.1,3.1,36.1,3.2,3.6,89.2,0.4,3.4,3.8,4.9,1.2,0.7,0.6,2.4,32.0,0,0,1.1,2602920.0
101,Tyus Jones,MEM ,25,23,13,10,17.9,6.7,2.6,5.4,47.6,0.8,2.0,41.3,0.7,0.8,88.9,0.2,2.3,2.5,3.8,0.7,0.8,0.1,0.4,17.5,0,0,0.2,8376286.0
102,Aaron Gordon,DEN ,26,22,11,11,31.7,13.6,5.3,10.1,52.0,1.0,2.8,35.5,2.1,2.8,74.2,1.8,4.1,6.0,2.3,1.5,0.6,0.8,2.1,26.9,2,0,4.6,16409091.0
103,Aleksej Pokusevski,OKC ,19,22,6,16,14.7,4.6,2.0,5.6,34.7,0.5,2.5,18.5,0.2,0.4,62.5,1.0,3.0,4.0,1.3,1.2,0.4,0.5,1.2,12.7,0,0,-2.3,3113160.0
104,Alperen Sengun,HOU ,19,22,7,15,18.0,8.6,2.9,5.9,48.8,0.5,1.2,37.0,2.5,3.5,70.1,1.4,3.1,4.5,2.6,1.8,1.1,0.6,3.0,21.4,1,0,-3.1,3214680.0
105,Andre Drummond,PHI ,28,22,11,11,21.4,6.5,2.6,5.5,47.9,0.0,0.0,0.0,1.2,2.1,55.3,3.4,7.2,10.5,2.0,1.8,1.0,1.1,2.6,26.7,4,0,-0.4,1669178.0
106,Anfernee Simons,POR ,22,22,11,11,23.0,12.0,4.5,9.9,45.9,2.0,5.4,38.1,0.8,0.9,94.7,0.5,2.1,2.6,2.2,1.1,0.5,0.2,1.6,19.2,0,0,0.6,3938818.0
107,Chris Boucher,TOR ,28,22,11,11,13.7,6.3,2.4,6.0,39.7,0.5,2.5,18.5,1.1,1.6,68.6,1.4,2.6,4.0,0.3,0.5,0.5,0.8,1.4,14.8,1,0,-0.4,7020000.0
108,Corey Kispert,WAS ,22,22,12,10,11.8,3.5,1.3,3.3,38.9,0.4,2.0,20.5,0.5,0.6,78.6,0.4,1.4,1.8,0.5,0.3,0.2,0.1,0.4,7.0,0,0,2.5,3383640.0
109,Cory Joseph,DET ,30,22,4,18,21.5,6.5,2.2,5.2,42.6,0.5,1.8,30.8,1.5,1.9,82.9,0.3,1.5,1.8,3.5,1.4,0.8,0.2,1.5,15.7,0,0,-3.2,4910000.0
110,Darius Bazley,OKC ,21,22,6,16,27.3,8.5,3.2,9.1,34.8,1.0,3.6,27.5,1.1,1.8,62.5,1.0,5.5,6.5,1.4,1.5,0.7,1.1,0.8,22.3,1,0,-7.9,2513040.0
111,Darius Garland,CLE ,21,22,12,10,34.6,19.7,7.4,15.5,47.4,2.8,7.1,39.1,2.2,2.5,87.3,0.5,2.4,2.9,7.2,4.0,1.3,0.1,1.9,34.1,6,0,5.4,7040880.0
112,DeAndre' Bembry,BKN ,27,22,15,7,20.4,5.9,2.5,4.5,56.6,0.4,1.0,42.9,0.4,0.9,47.4,0.8,2.6,3.5,1.2,0.7,1.0,0.5,2.2,15.5,0,0,1.0,1669178.0
113,Delon Wright,ATL ,29,22,12,10,13.9,3.0,1.0,2.7,38.3,0.3,0.9,36.8,0.6,0.8,76.5,0.8,2.0,2.8,2.0,0.5,0.7,0.1,0.5,11.5,0,0,0.4,8526316.0
114,Donovan Mitchell,UTA ,25,22,15,7,32.6,24.2,9.0,20.2,44.6,3.1,9.2,33.7,3.1,3.5,88.5,0.9,3.2,4.1,5.1,3.0,1.7,0.2,2.5,39.6,0,0,7.8,28103500.0
115,Dorian Finney-Smith,DAL ,28,22,11,11,31.2,9.1,3.4,7.8,43.0,1.8,4.9,37.4,0.6,1.0,56.5,1.7,2.6,4.4,1.5,0.9,1.5,0.5,2.3,21.8,0,0,-2.4,4000000.0
116,Draymond Green,GSW ,31,22,18,4,30.2,8.2,3.3,6.0,55.7,0.3,1.0,31.8,1.3,2.1,59.6,1.2,6.8,8.0,7.8,3.1,1.3,1.0,2.6,33.3,2,0,6.8,24026712.0
117,Dwight Powell,DAL ,30,22,11,11,19.8,6.0,2.3,4.0,58.0,0.3,0.9,36.8,1.1,1.6,66.7,2.0,2.5,4.5,1.2,0.7,0.5,0.6,2.5,15.9,0,0,-4.4,11080125.0
118,Frank Jackson,DET ,23,22,4,18,21.4,9.6,3.3,8.5,39.2,1.6,5.5,30.0,1.4,1.6,83.3,0.2,1.1,1.3,0.8,0.8,0.5,0.2,1.4,13.9,0,0,-3.6,3000000.0
119,Furkan Korkmaz,PHI ,24,22,11,11,23.4,9.2,3.3,8.7,38.2,1.7,5.1,32.7,0.9,1.1,79.2,0.3,2.5,2.8,2.5,1.0,0.8,0.1,0.9,18.1,0,0,-0.3,4629630.0
121,Gary Trent Jr.,TOR ,22,22,11,11,34.2,16.4,6.0,14.5,41.5,2.6,7.1,36.3,1.8,1.9,92.9,0.5,2.8,3.3,1.8,0.9,2.0,0.4,2.1,29.2,0,0,-0.3,16000000.0
122,George Hill,MIL ,35,22,14,8,27.3,7.7,2.8,6.3,44.2,1.0,3.0,32.8,1.2,1.3,92.9,0.9,2.7,3.6,2.5,1.0,0.8,0.1,1.8,17.7,0,0,7.6,4000000.0
123,Hassan Whiteside,UTA ,32,22,15,7,15.3,6.7,2.7,4.6,58.4,0.0,0.0,0.0,1.4,2.0,69.8,2.0,4.4,6.4,0.3,1.0,0.2,1.3,3.0,18.3,2,0,3.0,1669178.0
124,Jalen McDaniels,CHA ,23,22,12,10,15.1,5.5,1.9,3.6,52.5,0.9,2.0,45.5,0.7,1.1,64.0,0.6,2.7,3.3,1.0,0.6,0.4,0.4,1.7,12.4,0,0,1.7,1782621.0
125,Jarred Vanderbilt,MIN ,22,22,10,12,22.7,5.8,2.4,4.4,53.6,0.0,0.3,0.0,1.1,1.3,82.8,3.1,5.1,8.2,1.2,1.1,1.3,0.8,3.0,22.8,3,0,3.2,4050000.0
126,Jeff Green,DEN ,35,22,11,11,24.0,9.6,3.3,7.1,46.8,0.8,2.6,31.6,2.2,2.7,80.0,0.4,2.3,2.7,1.1,1.0,0.3,0.5,2.0,16.0,0,0,-2.0,4500000.0
127,Jeremiah Robinson-Earl,OKC ,21,22,6,16,22.1,7.0,2.7,6.4,42.6,1.1,3.1,34.8,0.5,0.8,64.7,1.7,4.0,5.7,0.9,0.9,0.6,0.3,1.5,17.1,2,0,-6.3,2000000.0
128,Juan Toscano-Anderson,GSW ,28,22,19,3,16.6,5.3,2.1,4.0,54.0,0.4,1.4,29.0,0.6,0.9,70.0,0.5,2.3,2.9,2.3,1.0,0.7,0.4,1.5,14.4,0,0,4.1,1701593.0
129,Karl-Anthony Towns,MIN ,26,22,11,11,34.3,24.0,8.5,16.8,50.8,2.6,5.9,44.2,4.3,5.2,81.7,2.9,6.2,9.0,3.1,3.5,1.1,1.0,3.6,42.5,11,0,2.7,31650600.0
130,Kenyon Martin Jr.,HOU ,20,22,7,15,15.5,6.9,2.9,5.3,55.2,0.4,1.4,29.0,0.7,1.0,65.2,0.6,2.5,3.1,0.9,0.5,0.4,0.5,1.1,14.1,0,0,0.5,1517981.0
131,Kevin Durant,BKN ,33,22,15,7,36.0,28.6,10.4,19.5,53.3,1.8,4.6,38.2,6.1,7.0,87.0,0.5,7.3,7.7,5.5,3.0,0.6,0.7,1.6,47.1,8,1,4.1,42018900.0
132,Kyle Lowry,MIA ,35,22,13,9,33.7,12.8,4.5,10.6,41.9,2.0,6.4,31.2,1.9,2.1,87.2,0.5,4.1,4.6,7.6,3.0,1.0,0.3,2.8,30.8,4,1,2.0,26894128.0
133,LaMarcus Aldridge,BKN ,36,22,15,7,23.6,13.8,6.0,10.5,57.0,0.5,1.3,35.7,1.5,1.8,80.0,1.5,4.4,5.9,0.9,0.6,0.3,1.1,1.6,25.9,1,0,3.5,1669178.0
134,Landry Shamet,PHX ,24,22,18,4,19.5,7.6,2.5,6.4,38.6,1.9,4.6,40.6,0.9,1.0,82.6,0.2,2.2,2.5,1.6,0.5,0.3,0.1,1.1,13.6,0,0,1.4,3768342.0
135,Monte Morris,DEN ,26,22,11,11,29.6,11.8,5.1,10.8,47.5,1.2,3.8,32.1,0.3,0.5,60.0,0.3,2.3,2.6,4.2,1.3,0.7,0.1,1.6,22.4,0,0,4.5,8449074.0
136,Moritz Wagner,ORL ,24,22,5,17,11.3,6.2,2.0,4.4,45.8,1.0,2.8,37.1,1.1,1.5,73.5,0.5,2.0,2.4,0.6,0.8,0.1,0.2,1.8,10.2,0,0,-1.0,1729217.0
137,RJ Barrett,NYK ,21,22,11,11,30.9,14.0,5.1,13.0,39.6,1.6,5.1,31.0,2.1,3.0,70.1,0.6,5.2,5.8,2.1,1.7,0.4,0.3,2.0,24.6,1,0,-2.5,8623920.0
138,Saddiq Bey,DET ,22,22,4,18,32.1,12.3,4.5,13.0,35.1,1.8,6.2,28.7,1.5,2.0,74.4,2.0,4.1,6.1,2.5,1.4,1.0,0.2,1.7,25.5,1,0,-8.5,2824320.0
139,Scottie Barnes,TOR ,20,22,9,13,35.6,15.1,6.1,12.5,48.9,0.7,1.9,35.7,2.1,3.0,72.3,2.9,5.2,8.0,3.2,2.0,1.2,0.8,2.8,33.4,3,0,-1.9,7280520.0
140,Stephen Curry,GSW ,33,22,18,4,34.4,27.5,9.0,20.6,43.7,5.4,13.2,41.0,4.1,4.5,92.9,0.6,5.1,5.7,6.5,3.1,1.8,0.5,1.8,47.8,6,1,12.8,45780966.0
141,Tim Hardaway Jr.,DAL ,29,22,11,11,32.2,14.7,5.0,13.1,38.5,2.5,7.1,35.7,2.0,2.8,72.6,0.4,3.5,3.8,2.3,0.5,1.0,0.1,2.0,25.5,0,0,-2.5,21308816.0
142,Trey Lyles,DET ,26,22,4,18,16.0,7.7,2.5,6.1,41.8,0.8,2.9,28.6,1.8,2.3,78.0,1.3,2.8,4.1,0.8,1.0,0.3,0.2,1.3,14.2,0,0,-1.5,2500000.0
143,Tyrese Haliburton,SAC ,21,22,10,12,33.4,11.8,4.6,10.6,43.2,1.6,4.4,37.5,1.0,1.3,75.0,1.0,2.8,3.8,5.5,1.9,1.8,0.7,1.3,30.1,2,0,-2.0,4023600.0
144,Avery Bradley,LAL ,31,21,10,11,22.3,5.0,1.9,5.0,38.1,1.0,3.0,34.9,0.1,0.1,100.0,0.5,2.0,2.5,0.9,0.6,0.6,0.2,1.4,11.1,0,0,-5.1,1669178.0
145,Bradley Beal,WAS ,28,21,11,10,35.5,21.9,8.4,19.6,42.8,1.6,6.0,26.4,3.6,4.1,86.2,0.9,3.9,4.8,6.0,3.5,0.9,0.3,2.0,36.8,1,0,-0.5,33724200.0
146,Bryn Forbes,SAS ,28,21,8,13,13.7,6.5,2.5,5.2,47.7,1.1,2.8,41.4,0.4,0.5,81.8,0.0,1.1,1.1,0.7,0.9,0.4,0.0,0.8,9.5,0,0,-3.2,4500000.0
147,Caleb Martin,MIA ,26,21,12,9,18.3,6.5,2.5,5.5,45.7,0.6,2.0,30.2,0.8,1.3,60.7,0.8,2.2,3.0,0.9,0.5,0.9,0.5,1.4,15.1,0,0,2.0,1782621.0
148,Cam Reddish,ATL ,22,21,11,10,22.5,11.5,4.0,9.6,41.3,1.6,4.2,38.2,2.0,2.2,89.1,0.9,2.0,2.8,0.9,1.3,1.1,0.2,1.4,18.7,0,0,-2.5,4670160.0
149,D'Angelo Russell,MIN ,25,21,11,10,32.7,19.0,6.6,17.2,38.2,2.9,8.9,32.3,3.0,3.6,82.9,0.5,3.4,3.9,6.4,2.7,0.9,0.8,2.2,35.5,2,0,6.0,30013500.0
150,Daniel Gafford,WAS ,23,21,12,9,20.9,8.8,3.8,5.8,65.3,0.0,0.0,0.0,1.3,1.8,71.1,2.0,4.0,5.9,1.0,1.1,0.6,2.0,2.6,24.0,3,0,-3.3,1782621.0
151,Danilo Gallinari,ATL ,33,21,10,11,21.3,8.9,2.9,7.2,39.7,1.3,3.6,36.8,1.8,2.0,92.7,0.6,3.4,4.0,1.4,0.4,0.5,0.2,1.1,17.2,0,0,-0.6,20475000.0
152,Dejounte Murray,SAS ,25,21,8,13,34.8,19.1,8.0,18.1,44.5,1.3,4.1,32.6,1.7,2.4,70.0,1.0,7.6,8.6,8.2,2.4,2.0,0.4,2.1,46.6,11,3,2.6,15428880.0
153,Derrick White,SAS ,27,21,8,13,31.4,12.7,4.7,11.7,40.0,1.6,5.2,30.0,1.8,2.2,82.6,0.6,2.9,3.5,5.0,1.4,1.2,1.0,2.2,29.6,1,0,-2.0,15178571.0
154,Devin Booker,PHX ,25,21,18,3,32.2,23.2,8.6,18.7,45.8,2.4,5.9,40.3,3.7,4.3,85.7,0.9,4.0,4.9,4.5,2.7,0.9,0.2,2.3,36.6,0,0,5.4,31650600.0
155,Dwight Howard,LAL ,35,21,9,12,14.9,5.2,1.9,2.9,65.0,0.2,0.3,71.4,1.2,2.0,61.9,1.5,3.8,5.3,0.5,1.0,0.9,0.7,1.9,15.8,1,0,-0.1,1669178.0
156,Facundo Campazzo,DEN ,30,21,10,11,18.7,5.9,2.0,4.6,42.7,1.1,3.0,38.7,0.8,1.0,81.0,0.4,1.4,1.8,2.4,1.2,0.9,0.2,1.9,13.8,0,0,-7.1,3200000.0
157,Gabe Vincent,MIA ,25,21,12,9,17.0,6.7,2.4,5.4,45.1,1.3,3.2,39.7,0.5,0.7,78.6,0.5,1.0,1.4,2.1,1.0,0.6,0.0,1.9,12.4,0,0,1.8,1669178.0
158,Giannis Antetokounmpo,MIL ,27,21,14,7,32.7,27.6,9.8,18.4,53.2,1.1,4.1,27.6,6.9,10.2,67.3,1.9,10.0,11.8,6.0,3.2,1.1,1.7,2.9,56.0,13,0,9.6,39344970.0
159,JaMychal Green,DEN ,31,21,10,11,14.9,5.4,2.1,5.0,42.5,0.5,2.3,20.4,0.7,0.9,77.8,1.0,2.5,3.5,0.9,1.2,0.9,0.5,2.3,13.8,0,0,-5.4,8200000.0
160,Jalen Brunson,DAL ,25,21,11,10,29.1,14.7,5.9,12.0,49.0,1.0,3.1,33.8,2.0,2.5,78.8,0.6,3.3,3.9,5.0,1.5,0.8,0.0,2.0,27.9,3,0,1.5,1802057.0
161,Jalen Suggs,ORL ,20,21,4,17,27.7,12.3,4.1,12.2,33.9,1.2,4.9,25.5,2.8,3.6,76.3,0.8,2.6,3.4,3.6,3.2,1.1,0.4,2.8,23.2,0,0,-4.5,6593040.0
162,Jarrett Allen,CLE ,23,21,13,8,33.2,16.9,7.0,10.0,70.3,0.0,0.2,25.0,2.9,4.3,65.9,3.5,7.9,11.3,1.9,2.1,1.0,1.2,1.7,37.8,14,0,3.3,20000000.0
163,Jerami Grant,DET ,27,21,4,17,33.1,20.1,6.6,16.0,41.1,1.8,5.5,33.0,5.2,6.2,83.8,1.0,3.8,4.8,2.5,2.0,1.2,1.0,2.2,34.0,1,0,-7.7,20002500.0
164,John Konchar,MEM ,25,21,13,8,15.0,3.9,1.7,3.0,55.6,0.4,1.1,37.5,0.1,0.4,37.5,1.0,2.7,3.6,1.3,0.5,0.7,0.2,1.1,12.2,0,0,-1.0,2200000.0
165,Jordan Nwora,MIL ,23,21,12,9,17.7,7.0,2.6,6.6,39.6,1.2,3.4,36.1,0.5,0.6,84.6,0.5,2.7,3.2,1.1,1.2,0.2,0.4,1.0,13.4,0,0,-2.0,1517981.0
166,Keldon Johnson,SAS ,22,21,8,13,31.8,14.9,5.8,12.4,46.9,1.2,2.9,41.0,2.1,3.2,65.7,1.1,5.4,6.5,2.0,1.4,1.0,0.2,1.7,27.8,2,0,0.7,2145720.0
167,Kyle Anderson,MEM ,28,21,11,10,21.6,7.9,3.1,7.3,42.9,0.9,2.4,36.0,0.7,0.9,78.9,1.1,4.1,5.2,2.4,1.0,0.9,0.5,1.4,20.8,0,0,-7.2,9937150.0
168,Lonnie Walker IV,SAS ,22,21,8,13,22.6,10.4,3.8,10.1,37.7,1.5,5.2,28.2,1.3,1.6,81.8,0.1,2.9,3.0,2.5,1.3,0.7,0.4,1.4,19.8,0,0,0.3,4447896.0
169,Luguentz Dort,OKC ,22,21,6,15,32.4,16.8,5.8,13.4,43.1,2.3,7.2,32.5,3.0,3.5,84.9,0.7,3.3,4.0,2.0,1.7,0.9,0.3,2.8,26.4,0,0,-8.4,1782621.0
170,Mike Conley,UTA ,34,21,16,5,28.5,14.2,5.1,10.0,51.0,2.7,5.7,47.5,1.3,1.6,84.8,0.3,1.7,2.0,5.4,1.8,1.2,0.3,2.0,27.3,1,0,7.0,21000000.0
171,Nassir Little,POR ,21,21,10,11,22.4,8.3,3.1,6.5,47.8,1.0,3.0,31.7,1.1,1.4,82.8,1.4,3.9,5.3,0.8,0.9,0.8,0.6,2.1,19.1,1,0,-0.8,2316240.0
172,Naz Reid,MIN ,22,21,10,11,16.8,9.2,3.5,7.0,49.3,0.9,2.4,35.3,1.4,1.9,72.5,1.4,2.2,3.6,0.8,0.8,0.5,1.0,2.6,18.3,0,0,-3.7,1782621.0
173,Precious Achiuwa,TOR ,22,21,11,10,26.5,8.0,3.4,8.8,38.6,0.3,1.2,26.9,0.9,1.7,54.3,2.3,5.9,8.2,1.6,1.1,0.5,0.6,2.5,22.4,4,0,0.1,2711280.0
174,Reggie Bullock,DAL ,30,21,10,11,23.1,5.5,2.0,6.0,34.4,1.2,4.3,27.5,0.2,0.4,62.5,0.2,2.6,2.8,0.6,0.7,0.3,0.0,1.5,10.1,0,0,-1.2,9536000.0
175,Richaun Holmes,SAC ,28,21,8,13,27.9,14.5,6.1,8.6,70.7,0.1,0.2,50.0,2.2,2.7,80.7,2.8,6.9,9.6,1.4,1.5,0.3,1.0,3.1,30.5,8,0,-0.8,10384500.0
176,Royce O'Neale,UTA ,28,21,14,7,31.4,8.0,2.9,6.0,48.4,1.6,4.1,39.1,0.6,0.8,70.6,1.0,4.0,5.0,2.2,1.2,1.5,0.7,2.3,22.9,1,0,5.6,8800000.0
177,Seth Curry,PHI ,31,21,11,10,34.0,16.3,6.0,11.6,51.2,2.2,5.2,42.7,2.2,2.4,90.2,0.4,2.4,2.8,2.7,1.6,0.9,0.1,2.4,24.9,0,0,1.9,8207518.0
178,Spencer Dinwiddie,WAS ,28,21,12,9,29.7,13.4,4.6,11.7,39.4,1.9,5.4,34.5,2.3,2.7,87.5,0.7,4.2,4.9,5.2,1.5,0.3,0.2,2.1,27.2,3,0,-2.0,17142857.0
179,Taurean Prince,MIN ,27,21,11,10,15.3,4.2,1.4,4.0,35.7,0.8,2.8,27.6,0.6,0.8,70.6,0.5,1.6,2.1,0.8,0.5,0.4,0.2,1.5,9.2,0,0,-3.5,13000000.0
180,Tomas Satoransky,NOP ,30,21,6,15,15.3,2.8,1.0,3.1,33.8,0.1,0.7,21.4,0.6,0.8,75.0,0.6,1.5,2.1,2.0,0.7,0.3,0.0,1.3,8.7,0,0,-5.0,10000000.0
181,Tyler Herro,MIA ,21,21,12,9,33.7,21.2,8.0,18.3,44.0,2.8,7.1,39.3,2.3,2.7,86.0,0.8,4.8,5.6,3.8,2.9,0.6,0.0,1.4,32.8,1,0,2.3,4004280.0
182,Al Horford,BOS ,35,20,11,9,29.1,12.8,4.7,10.1,46.5,1.4,4.4,31.0,2.1,2.4,85.4,1.6,6.6,8.2,3.5,1.2,0.8,1.8,2.4,34.2,8,0,-1.7,27000000.0
183,Bogdan Bogdanovic,ATL ,29,20,11,9,28.2,11.6,4.5,10.0,44.7,2.2,5.5,39.1,0.6,0.7,78.6,0.4,3.2,3.6,2.5,0.9,0.7,0.2,1.9,21.2,0,0,2.8,18000000.0
184,Bruce Brown,BKN ,25,20,13,7,23.1,6.7,3.0,6.6,45.0,0.4,1.2,30.4,0.5,0.7,69.2,1.2,3.0,4.2,1.1,0.7,1.3,0.5,2.4,18.1,0,0,-2.6,4736102.0
185,Damian Lillard,POR ,31,20,10,10,35.7,21.5,7.3,18.4,39.7,2.8,9.1,30.2,4.1,4.5,91.1,0.4,3.6,4.0,7.8,2.6,0.7,0.4,1.4,38.4,6,0,1.6,39344900.0
186,De'Anthony Melton,MEM ,23,20,12,8,24.8,10.5,4.0,9.8,41.0,1.9,5.1,36.3,0.7,1.0,65.0,0.9,3.4,4.2,2.4,1.7,1.6,0.7,1.6,24.2,0,0,1.0,8805976.0
187,DeAndre Jordan,LAL ,33,20,11,9,13.8,4.8,2.3,3.2,70.3,0.0,0.0,0.0,0.3,0.5,60.0,1.7,4.3,6.0,0.4,0.8,0.4,0.9,1.8,15.4,0,0,-2.2,1669178.0
188,Derrick Jones Jr.,CHI ,24,20,13,7,17.5,6.6,2.5,4.0,61.3,0.3,0.9,33.3,1.4,1.6,84.4,1.3,2.1,3.4,0.6,0.5,0.6,1.0,2.3,15.5,0,0,2.0,9720900.0
189,Derrick Rose,NYK ,33,20,9,11,23.7,12.4,4.8,10.5,45.9,1.5,3.7,39.2,1.3,1.4,96.3,0.8,2.2,2.9,3.8,1.6,0.9,0.6,0.7,24.3,0,0,5.4,13445120.0
190,Drew Eubanks,SAS ,24,20,7,13,14.7,5.8,2.1,4.0,51.3,0.0,0.2,0.0,1.7,2.1,78.6,1.2,3.3,4.5,1.5,1.3,0.4,0.9,1.6,15.8,1,0,-2.0,1762796.0
191,Eric Gordon,HOU ,32,20,7,13,29.7,14.1,5.0,10.7,46.7,2.3,5.3,43.4,1.8,2.5,71.4,0.2,1.8,1.9,2.8,2.4,0.6,0.6,1.0,21.7,0,0,-2.7,18218818.0
192,Evan Mobley,CLE ,20,20,13,7,34.0,14.1,5.6,11.8,47.0,0.7,1.9,34.2,2.3,3.0,78.0,1.8,6.5,8.3,2.7,1.8,0.9,1.9,2.1,34.6,6,0,3.3,8075160.0
193,Gorgui Dieng,ATL ,31,20,10,10,8.2,2.3,0.8,2.1,39.0,0.2,0.9,23.5,0.5,0.7,64.3,1.0,2.4,3.4,0.7,0.6,0.3,0.3,1.2,8.3,0,0,0.5,4000000.0
194,Isaiah Stewart,DET ,20,20,4,16,25.1,7.7,3.4,6.3,54.4,0.1,0.6,9.1,0.8,1.2,69.6,2.5,5.5,8.0,1.1,1.1,0.4,1.2,2.5,22.3,2,0,-7.4,3277080.0
195,Jaden McDaniels,MIN ,21,20,10,10,25.3,6.2,2.6,6.2,41.5,0.7,2.7,26.4,0.4,0.6,63.6,1.6,2.9,4.5,0.9,1.0,1.0,0.6,3.8,16.5,0,0,0.4,2063280.0
196,Josh Giddey,OKC ,19,20,6,14,29.4,10.4,4.3,11.0,39.1,0.9,3.5,25.7,0.9,1.3,65.4,1.6,5.6,7.2,5.8,2.8,1.0,0.7,1.8,29.8,3,0,-7.6,5988000.0
197,Malcolm Brogdon,IND ,28,20,7,13,35.5,20.7,7.4,16.3,45.2,2.0,6.2,31.5,4.0,4.6,87.0,1.0,4.8,5.8,6.1,2.4,0.9,0.6,2.1,38.5,4,1,2.1,21700000.0
198,Mason Plumlee,CHA ,31,20,12,8,26.1,6.8,3.0,5.0,59.6,0.0,0.0,0.0,0.9,2.6,34.6,2.6,4.7,7.3,2.8,1.2,0.9,1.0,3.0,24.0,3,0,-0.5,9248333.0
199,Mitchell Robinson,NYK ,23,20,9,11,25.4,6.9,2.8,3.7,75.7,0.0,0.0,0.0,1.3,2.1,59.5,3.1,4.7,7.7,0.8,0.6,0.4,1.7,2.8,22.9,3,0,-3.8,1802057.0
200,Nick Richards,CHA ,24,20,11,9,8.5,3.2,1.3,2.0,66.7,0.0,0.0,0.0,0.6,0.7,78.6,0.9,1.1,2.0,0.2,0.6,0.2,0.7,1.5,7.8,0,0,-2.6,1517981.0
201,Norman Powell,POR ,28,20,9,11,29.0,16.4,5.6,11.6,48.1,1.9,4.4,43.2,3.4,4.2,81.9,0.4,2.1,2.4,1.7,1.1,0.9,0.4,2.0,24.5,0,0,-0.9,15517241.0
202,Otto Porter Jr.,GSW ,28,20,17,3,19.0,7.5,2.6,5.6,46.4,1.7,4.0,42.5,0.6,0.8,75.0,0.8,4.0,4.8,1.1,0.7,0.9,0.4,1.4,18.0,1,0,6.0,1669178.0
203,Sterling Brown,DAL ,26,20,10,10,12.8,3.0,1.1,3.1,35.5,0.6,2.0,27.5,0.2,0.2,100.0,0.7,2.5,3.2,0.8,0.7,0.5,0.1,1.2,8.9,0,0,0.3,3000000.0
204,Thanasis Antetokounmpo,MIL ,29,20,11,9,12.8,3.5,1.5,3.1,48.4,0.0,0.3,0.0,0.5,0.9,58.8,1.1,2.1,3.2,0.8,0.7,0.5,0.2,1.8,9.9,0,0,-3.3,1669178.0
205,Will Barton,DEN ,30,20,10,10,33.3,15.9,6.2,13.7,44.9,2.5,6.5,38.5,1.1,1.6,71.0,0.6,4.7,5.3,4.3,1.7,0.9,0.4,1.3,30.9,0,0,1.9,15625000.0
206,Aaron Nesmith,BOS ,22,19,10,9,9.8,2.8,1.0,3.0,33.3,0.6,2.2,26.2,0.2,0.2,100.0,0.3,1.3,1.6,0.4,0.4,0.3,0.0,1.3,5.7,0,0,-2.4,3631200.0
207,Armoni Brooks,HOU ,23,19,7,12,13.0,5.3,1.8,4.9,36.2,1.4,4.1,33.3,0.4,0.4,87.5,0.3,1.2,1.4,0.7,0.2,0.6,0.2,1.3,10.3,0,0,3.2,1489065.0
209,Brandon Clarke,MEM ,25,19,9,10,16.0,7.7,3.4,5.5,61.0,0.1,0.6,9.1,0.9,1.4,66.7,1.7,2.6,4.4,1.4,0.4,0.4,0.9,1.7,18.4,0,0,0.2,2726880.0
210,Brandon Ingram,NOP ,24,19,7,12,34.7,22.9,8.5,19.2,44.4,1.8,4.9,36.6,4.1,4.8,84.6,0.9,5.3,6.2,4.7,3.1,0.4,0.4,2.1,36.5,2,0,-3.5,29467800.0
211,D.J. Augustin,HOU ,34,19,5,14,12.5,4.2,1.3,3.1,40.7,0.9,2.2,40.5,0.8,0.9,88.2,0.1,0.8,0.9,2.1,1.1,0.2,0.0,0.6,8.0,0,0,-3.2,7000000.0
212,Eric Paschall,UTA ,25,19,14,5,12.1,3.7,1.3,3.0,42.1,0.5,1.9,27.8,0.6,0.9,70.6,0.7,1.3,2.0,0.7,0.5,0.1,0.2,0.8,7.5,0,0,-0.5,1782621.0
213,Harrison Barnes,SAC ,29,19,7,12,35.0,19.0,5.8,12.1,47.8,1.9,4.9,39.8,5.5,6.5,84.6,1.4,5.8,7.2,2.4,2.1,1.0,0.2,1.4,32.6,4,0,-3.4,20284091.0
214,Ja Morant,MEM ,22,19,9,10,32.6,24.1,8.9,18.8,47.6,1.6,4.6,35.6,4.6,5.9,77.7,1.3,4.3,5.6,6.8,3.2,1.6,0.3,1.3,43.4,4,0,-4.4,9603360.0
215,Jaxson Hayes,NOP ,21,19,3,16,12.2,5.9,2.1,4.1,51.9,0.2,0.6,36.4,1.5,1.9,75.7,1.3,2.0,3.3,0.3,0.6,0.3,0.6,1.6,12.3,0,0,-2.3,5348280.0
216,Josh Hart,NOP ,26,19,5,14,30.1,11.1,4.1,8.4,48.8,0.8,2.4,32.6,2.1,2.4,84.8,1.0,5.3,6.3,3.8,1.4,0.9,0.4,2.8,26.9,2,0,-3.8,12000000.0
217,Josh Jackson,DET ,24,19,3,16,19.0,7.3,2.6,6.5,40.7,0.8,3.0,28.1,1.2,1.7,69.7,0.6,2.9,3.5,1.7,1.2,0.4,0.5,1.7,15.6,0,0,-5.1,5005350.0
218,Kenrich Williams,OKC ,27,19,6,13,20.2,6.8,2.6,5.8,45.0,0.7,2.1,33.3,0.8,1.5,57.1,1.1,2.5,3.5,1.7,0.8,0.7,0.2,1.7,15.4,0,0,-0.7,2000000.0
219,Kevin Porter Jr.,HOU ,21,19,6,13,30.2,12.8,4.4,12.2,35.8,1.8,5.8,30.9,2.3,3.7,62.9,0.8,3.6,4.4,5.8,4.0,1.3,0.3,2.3,27.7,3,0,-3.1,1782621.0
220,Lou Williams,ATL ,35,19,10,9,13.4,6.4,2.3,6.1,37.9,0.6,1.8,35.3,1.2,1.4,84.6,0.3,1.2,1.5,1.4,0.9,0.6,0.1,0.8,11.5,0,0,0.1,5000000.0
221,Payton Pritchard,BOS ,23,19,11,8,9.3,2.6,0.8,3.1,27.1,0.6,2.1,30.0,0.3,0.3,100.0,0.3,0.8,1.2,1.2,0.6,0.1,0.1,0.8,5.6,0,0,-1.6,2137440.0
222,Shai Gilgeous-Alexander,OKC ,23,19,6,13,34.9,21.2,7.4,17.9,41.1,2.1,6.8,30.0,4.4,5.6,78.5,0.6,4.5,5.1,4.5,2.4,1.1,0.6,2.1,36.5,0,0,-5.2,5495532.0
223,Terry Rozier,CHA ,27,19,10,9,32.9,17.7,6.5,15.2,42.9,2.6,7.4,35.0,2.1,2.4,87.0,0.6,2.9,3.5,3.6,1.4,1.3,0.5,1.4,31.5,0,0,-1.3,17905263.0
224,Tre Jones,SAS ,21,19,8,11,9.8,3.8,1.7,3.2,52.5,0.0,0.2,0.0,0.5,0.5,100.0,0.1,1.1,1.1,1.4,0.6,0.3,0.0,0.7,7.5,0,0,-0.3,1517981.0
225,Ty Jerome,OKC ,24,19,6,13,14.3,7.2,2.4,6.1,40.0,1.1,3.4,30.8,1.3,1.5,82.8,0.3,0.9,1.2,1.2,0.5,0.7,0.1,1.3,12.4,0,0,-0.9,2412840.0
226,Austin Rivers,DEN ,29,18,10,8,17.5,3.9,1.5,4.3,34.6,0.7,2.7,27.1,0.2,0.3,50.0,0.4,1.1,1.4,0.8,0.6,0.5,0.1,1.2,8.1,0,0,-2.8,1669178.0
227,Bam Adebayo,MIA ,24,18,10,8,32.9,18.7,7.0,13.5,51.9,0.0,0.1,0.0,4.7,6.2,75.9,2.7,7.4,10.2,3.2,2.9,1.1,0.3,3.3,37.1,9,0,1.6,28103500.0
228,Cameron Payne,PHX ,27,18,16,2,18.2,9.8,3.4,9.2,37.6,1.1,3.5,31.7,1.8,2.2,82.5,0.4,2.4,2.8,2.9,1.7,0.6,0.3,1.7,18.6,0,0,0.7,6500000.0
229,Cedi Osman,CLE ,26,18,10,8,22.1,11.6,4.1,8.6,47.4,2.5,5.8,42.9,1.0,1.4,69.2,0.3,2.7,3.0,1.7,0.9,0.8,0.2,1.6,19.9,0,0,0.9,8133334.0
230,Chuma Okeke,ORL ,23,18,4,14,21.1,7.1,2.6,6.8,38.5,0.7,3.1,23.2,1.1,1.3,87.0,0.7,3.6,4.2,1.2,0.8,0.7,0.2,1.3,15.7,0,0,-7.2,3277080.0
231,Cole Anthony,ORL ,21,18,5,13,34.4,20.2,7.1,16.6,42.6,2.7,7.6,35.8,3.4,3.9,87.1,0.5,6.1,6.6,6.0,2.9,1.0,0.2,2.6,37.8,4,0,-0.4,3449400.0
232,Devin Vassell,SAS ,21,18,5,13,25.0,11.6,4.4,9.5,46.8,1.8,4.7,38.8,0.9,1.2,72.7,0.5,3.2,3.7,1.4,0.7,1.2,0.7,2.0,22.9,0,0,-0.1,4235160.0
233,Gary Harris,ORL ,27,18,3,15,25.2,7.0,2.8,7.2,39.5,0.8,3.2,25.9,0.5,0.7,75.0,0.8,1.3,2.1,1.7,1.0,0.7,0.1,1.8,13.6,0,0,-7.5,20482143.0
234,Ish Smith,CHA ,33,18,10,8,13.6,4.8,2.2,5.3,41.7,0.2,0.3,50.0,0.2,0.4,37.5,0.1,1.2,1.3,2.4,0.9,0.4,0.2,0.7,11.1,0,0,-3.2,4500000.0
235,Jalen Green,HOU ,19,18,2,16,30.8,14.0,4.8,12.7,38.2,1.8,6.4,27.8,2.6,3.2,80.7,0.4,2.7,3.1,2.3,2.7,0.6,0.2,1.6,21.0,0,0,-13.8,8992200.0
236,Jeremy Lamb,IND ,29,18,5,13,13.6,7.2,2.2,5.6,39.6,1.2,3.0,38.9,1.6,1.6,100.0,0.3,2.3,2.7,1.1,0.4,0.4,0.4,1.1,14.1,0,0,0.2,10500000.0
237,Josh Richardson,BOS ,28,18,11,7,24.5,9.2,3.4,7.4,46.6,1.1,3.1,34.5,1.2,1.4,84.6,0.6,2.3,2.8,1.3,0.7,0.6,0.5,1.9,17.1,0,0,1.8,11615328.0
238,Jrue Holiday,MIL ,31,18,13,5,31.4,15.3,6.2,14.1,43.9,1.8,5.1,34.8,1.2,1.8,65.6,0.7,3.9,4.7,6.1,2.6,1.3,0.5,2.1,32.8,1,0,9.0,32413333.0
239,Kelan Martin,IND ,26,18,8,10,16.7,6.8,2.8,6.8,41.8,0.8,2.9,26.9,0.4,0.6,63.6,0.6,1.2,1.8,0.9,0.6,0.5,0.3,1.3,12.3,0,0,-1.9,1701593.0
240,Kemba Walker,NYK ,31,18,10,8,24.5,11.7,4.2,9.8,42.9,2.1,5.1,41.3,1.1,1.4,80.0,0.1,2.4,2.6,3.1,1.3,1.1,0.3,1.1,22.0,0,0,-6.8,8729020.0
241,Luka Doncic,DAL ,22,18,11,7,34.7,25.4,9.4,21.2,44.5,2.7,8.1,32.9,3.8,5.7,67.6,0.8,7.3,8.1,8.5,4.6,1.1,0.6,2.4,48.2,12,2,-5.1,10174391.0
242,Naji Marshall,NOP ,23,18,4,14,11.5,3.7,1.1,3.3,32.2,0.2,1.3,13.0,1.4,1.6,86.2,0.7,2.2,2.9,1.1,1.0,0.4,0.2,1.1,9.7,0,0,-2.2,1517981.0
243,P.J. Dozier,DEN ,25,18,9,9,18.9,5.4,2.0,5.5,36.4,0.8,2.7,31.3,0.6,0.7,76.9,0.8,2.7,3.5,1.6,0.7,0.6,0.3,1.8,14.1,0,0,-5.0,1910860.0
244,Paul Millsap,BKN ,36,18,12,6,11.4,3.4,1.2,3.3,36.7,0.3,1.3,26.1,0.7,0.9,70.6,1.1,2.6,3.6,0.9,0.4,0.2,0.4,2.2,10.5,0,0,0.6,1669178.0
245,Romeo Langford,BOS ,22,18,9,9,18.6,4.8,1.8,4.4,40.5,0.8,2.0,41.7,0.4,0.6,72.7,0.9,2.2,3.1,0.5,0.6,0.4,0.1,1.3,10.4,0,0,0.1,3804360.0
246,Shake Milton,PHI ,25,18,10,8,25.0,11.5,4.5,10.0,45.0,0.8,2.9,28.8,1.7,1.9,88.2,0.6,2.4,3.0,2.9,1.1,0.7,0.4,1.9,21.7,0,0,-2.0,1846738.0
247,Thaddeus Young,SAS ,33,18,7,11,15.5,6.9,3.3,5.6,59.0,0.0,0.1,0.0,0.4,0.9,43.8,1.6,2.1,3.7,2.6,1.2,1.0,0.3,1.4,18.1,0,0,0.7,14190000.0
248,Tony Bradley,CHI ,23,18,11,7,12.7,3.6,1.7,2.9,56.6,0.0,0.0,0.0,0.2,0.3,80.0,1.4,2.7,4.1,0.4,0.7,0.1,0.6,1.4,10.2,0,0,2.7,1669178.0
249,Tony Snell,POR ,30,18,8,10,11.0,1.8,0.6,2.0,30.6,0.5,1.6,31.0,0.1,0.1,100.0,0.1,1.2,1.3,0.5,0.2,0.2,0.2,0.9,5.0,0,0,-0.7,1669178.0
250,Willie Cauley-Stein,DAL ,28,18,10,8,9.8,1.9,0.9,1.9,45.7,0.1,0.1,50.0,0.1,0.1,50.0,0.7,1.4,2.1,0.5,0.4,0.3,0.2,0.9,6.3,0,0,1.2,4100000.0
251,Ziaire Williams,MEM ,20,18,9,9,18.6,5.0,1.9,5.4,35.7,0.9,3.6,24.6,0.2,0.3,66.7,0.3,1.3,1.6,0.7,0.6,0.4,0.3,1.8,9.6,0,0,-3.4,4373040.0
252,Blake Griffin,BKN ,32,17,13,4,21.7,5.5,2.0,6.3,31.8,0.5,3.3,16.1,0.9,1.4,69.6,1.2,3.7,4.9,2.0,0.5,0.5,0.6,2.3,17.2,1,0,3.4,1669178.0
253,Cade Cunningham,DET ,20,17,4,13,31.4,14.1,5.2,14.1,37.1,2.1,7.2,28.7,1.6,1.9,84.4,1.0,5.3,6.3,4.6,3.7,1.2,0.6,2.5,30.5,3,1,-4.6,10050120.0
254,Caris LeVert,IND ,27,17,7,10,27.3,14.7,5.8,14.1,41.4,1.2,4.6,25.3,1.9,2.4,78.0,0.4,2.4,2.8,2.9,1.4,0.8,0.4,1.9,24.6,0,0,4.7,17500000.0
255,Damion Lee,GSW ,29,17,14,3,20.8,8.9,3.3,7.5,43.8,1.2,3.6,34.4,1.1,1.4,82.6,0.4,2.7,3.1,1.1,0.6,0.2,0.1,1.3,14.7,0,0,4.2,1910860.0
256,Daniel Theis,HOU ,29,17,3,14,22.8,8.4,3.2,6.5,49.1,0.9,3.0,31.4,1.1,1.4,75.0,1.1,3.8,4.8,0.8,1.2,0.4,0.5,2.5,17.0,1,0,-9.2,8280351.0
257,Deandre Ayton,PHX ,23,17,13,4,30.6,16.5,7.4,11.9,61.9,0.1,0.3,20.0,1.7,2.8,61.7,3.0,8.2,11.2,1.4,1.6,0.8,0.7,2.4,34.9,10,0,1.6,12632950.0
258,Dylan Windler,CLE ,25,17,10,7,10.8,2.8,1.0,2.2,45.9,0.6,1.4,41.7,0.2,0.2,75.0,0.4,1.4,1.8,1.1,0.5,0.2,0.1,1.1,7.0,0,0,-0.9,2239200.0
259,Isaac Okoro,CLE ,20,17,8,9,29.4,7.8,2.8,7.4,37.6,0.7,3.1,23.1,1.5,2.1,74.3,1.5,2.6,4.1,1.9,1.1,0.9,0.3,2.4,18.0,0,0,0.3,6720720.0
260,Jimmy Butler,MIA ,32,17,11,6,34.2,23.6,7.9,15.3,51.9,0.4,1.8,20.0,7.4,8.6,85.0,1.6,4.2,5.8,5.3,1.9,2.1,0.3,1.7,43.8,3,1,2.6,36016200.0
262,Kent Bazemore,LAL ,32,17,8,9,20.4,4.5,1.6,4.8,33.3,0.8,2.5,30.2,0.6,0.8,76.9,0.2,1.8,2.1,0.9,0.5,0.9,0.3,2.5,11.6,0,0,-3.8,1669178.0
263,Killian Hayes,DET ,20,17,4,13,25.9,6.2,2.2,6.5,33.6,1.0,2.8,36.2,0.9,0.9,93.8,0.7,3.1,3.8,3.6,1.6,1.3,0.4,2.7,19.7,1,0,-6.3,5572680.0
264,Malachi Flynn,TOR ,23,17,8,9,8.2,2.5,1.0,2.9,34.0,0.4,1.4,25.0,0.2,0.3,60.0,0.3,1.0,1.3,0.9,0.3,0.5,0.1,0.8,6.9,0,0,-1.4,2048040.0
265,Max Strus,MIA ,25,17,11,6,21.1,8.8,3.1,6.8,45.2,2.0,4.9,40.5,0.6,0.9,68.8,0.3,2.9,3.2,0.9,0.6,0.5,0.1,1.5,15.1,0,0,1.9,1669178.0
266,Nikola Jokic,DEN ,26,17,10,7,32.3,26.1,10.2,17.4,59.0,1.7,4.4,38.7,3.9,5.1,75.9,2.6,10.9,13.6,6.4,3.2,1.1,0.8,2.6,54.3,14,2,8.9,31579390.0
267,Nikola Vucevic,CHI ,31,17,12,5,33.2,15.0,6.2,14.4,42.9,1.6,4.4,36.0,1.1,1.6,64.3,1.7,8.9,10.6,3.9,1.6,1.0,1.0,2.4,38.0,9,0,5.8,24000000.0
268,Robert Williams III,BOS ,24,17,10,7,28.5,9.1,4.1,5.4,75.0,0.0,0.0,0.0,1.0,1.6,63.0,3.6,5.0,8.6,1.2,1.0,0.8,1.9,1.6,28.2,6,0,5.4,3661976.0
269,Rodney Hood,MIL ,29,17,10,7,15.0,3.2,1.0,3.4,29.3,0.6,2.3,28.2,0.5,0.5,100.0,0.3,1.7,2.0,0.8,0.1,0.3,0.1,0.9,7.8,0,0,-1.4,1669178.0
270,Timothe Luwawu-Cabarrot,ATL ,26,17,10,7,8.0,2.6,0.9,2.3,38.5,0.5,1.5,34.6,0.3,0.4,83.3,0.0,1.1,1.1,0.4,0.2,0.1,0.2,0.9,5.2,0,0,-1.6,1669178.0
271,Alex Len,SAC ,28,16,7,9,16.3,6.0,2.3,4.4,50.7,0.4,0.9,42.9,1.1,1.7,66.7,0.9,2.9,3.9,1.0,1.1,0.2,0.9,3.1,14.4,0,0,-1.9,3732000.0
273,Cam Thomas,BKN ,20,16,9,7,10.7,3.9,1.4,4.1,35.4,0.3,1.8,17.9,0.7,0.9,73.3,0.1,1.0,1.1,0.8,0.3,0.4,0.2,0.4,7.8,0,0,-3.3,2036280.0
274,Danny Green,PHI ,34,16,7,9,23.8,7.8,2.8,5.9,46.3,2.1,4.9,41.8,0.3,0.3,100.0,0.7,1.7,2.4,1.0,0.9,1.6,0.7,2.1,18.0,0,0,3.9,10000000.0
275,Danuel House Jr.,HOU ,28,16,7,9,14.5,4.8,1.6,4.6,33.8,0.6,2.1,29.4,1.1,1.2,89.5,0.3,2.4,2.7,1.2,1.1,0.3,0.3,1.0,10.6,0,0,-1.3,3894000.0
276,Dean Wade,CLE ,25,16,7,9,22.4,4.8,1.8,4.5,40.3,0.9,2.9,29.8,0.3,0.4,83.3,0.8,2.5,3.3,1.3,0.3,0.7,0.1,2.0,12.6,0,0,-0.8,1782621.0
277,Derrick Favors,OKC ,30,16,6,10,16.7,5.8,2.6,5.3,48.8,0.1,0.5,25.0,0.5,0.9,57.1,1.5,3.5,5.0,0.4,0.3,0.5,0.1,1.3,13.9,1,0,-5.9,9720900.0
278,Frank Ntilikina,DAL ,23,16,8,8,14.1,5.2,1.8,4.8,36.4,0.9,2.6,36.6,0.8,0.8,100.0,0.2,1.7,1.9,1.4,0.7,0.8,0.2,1.1,11.6,0,0,2.4,1669178.0
279,Goga Bitadze,IND ,22,16,6,10,8.6,2.7,0.9,3.1,28.6,0.3,1.6,16.0,0.7,1.1,64.7,1.0,1.3,2.3,0.2,0.3,0.6,0.6,1.6,9.0,0,0,-1.3,3098400.0
280,Hamidou Diallo,DET ,23,16,1,15,14.5,6.1,2.5,4.8,51.9,0.3,0.9,26.7,0.9,1.1,77.8,0.9,1.9,2.8,0.7,0.7,0.7,0.4,1.7,13.2,0,0,-2.5,5200000.0
281,Jordan McLaughlin,MIN ,25,16,9,7,10.3,1.9,0.7,2.3,30.6,0.2,1.1,17.6,0.3,0.4,71.4,0.1,0.7,0.8,2.1,0.7,0.6,0.0,0.4,7.0,0,0,-2.9,2000000.0
282,Justise Winslow,LAC ,25,16,10,6,8.0,2.1,0.9,2.5,37.5,0.1,0.5,12.5,0.1,0.3,50.0,0.5,1.7,2.2,1.1,0.9,0.4,0.3,0.7,7.7,0,0,-0.6,3902439.0
283,Keita Bates-Diop,SAS ,25,16,6,10,13.7,3.1,1.3,2.9,45.7,0.1,0.7,9.1,0.4,0.5,75.0,0.6,2.6,3.2,0.3,0.8,0.4,0.4,0.6,8.9,0,0,3.3,1729217.0
284,Kevin Love,CLE ,33,16,7,9,20.1,10.8,3.4,8.6,40.1,1.6,4.5,34.7,2.3,2.4,94.9,1.3,5.9,7.3,1.9,1.0,0.3,0.3,1.1,22.9,2,0,2.5,31258256.0
285,Khris Middleton,MIL ,30,16,12,4,30.5,17.8,6.3,14.9,41.8,2.1,6.0,34.4,3.2,3.7,86.4,0.4,5.0,5.4,4.9,2.9,1.3,0.2,1.8,33.1,0,0,4.6,35500000.0
286,Matisse Thybulle,PHI ,24,16,10,6,25.5,5.9,2.4,4.8,51.3,0.7,2.3,29.7,0.4,0.4,100.0,0.5,2.1,2.6,1.1,1.1,2.0,1.4,2.1,19.7,0,0,0.3,2840160.0
287,Maurice Harkless,SAC ,28,16,7,9,20.5,4.2,1.6,4.1,38.5,0.6,2.5,22.5,0.5,0.7,72.7,0.2,2.6,2.8,0.6,0.4,0.5,0.5,1.6,11.0,0,0,-0.3,4347600.0
288,Mike Muscala,OKC ,30,16,5,11,14.6,8.6,2.7,5.9,45.3,1.7,3.9,43.5,1.5,1.9,80.0,0.4,2.9,3.3,0.6,0.4,0.4,0.6,1.3,15.9,0,0,0.1,3365385.0
289,Patrick Beverley,MIN ,33,16,8,8,25.4,8.1,3.1,6.7,45.8,1.2,3.5,33.9,0.8,1.1,70.6,1.4,2.9,4.4,4.5,1.2,0.9,1.0,3.1,24.5,1,0,2.7,14320988.0
290,Terence Davis,SAC ,24,16,7,9,16.2,8.4,3.1,7.9,39.4,1.4,4.8,29.9,0.7,0.9,73.3,0.2,2.3,2.4,0.8,1.1,0.8,0.3,2.1,14.5,0,0,1.4,4000000.0
292,Tristan Thompson,SAC ,30,16,7,9,13.8,5.7,2.3,4.3,52.2,0.0,0.0,0.0,1.2,2.1,55.9,2.4,3.1,5.4,0.6,0.7,0.3,0.4,1.7,14.5,0,0,-3.2,9720900.0
293,Wayne Ellington,LAL ,34,16,7,9,20.7,6.6,2.2,5.4,40.2,2.0,5.1,39.5,0.3,0.3,100.0,0.2,1.3,1.5,0.7,0.4,0.4,0.1,0.9,10.8,0,0,0.3,1669178.0
294,Xavier Tillman,MEM ,22,16,9,7,14.0,4.5,1.8,4.3,41.2,0.3,1.3,19.0,0.8,1.0,75.0,1.0,1.9,2.9,1.4,0.7,1.2,0.4,1.0,14.2,0,0,-2.6,1517981.0
